"","input","filtered","denoisedF","nonchim"
"111D_CAGAGAGG_L001_trimmed_reads.fastq.gz",9666,9665,9137,9316
"111R_TCCTGAGC_L001_trimmed_reads.fastq.gz",23485,23485,22905,22632
"112D_CTCTCTAC_L001_trimmed_reads.fastq.gz",9235,9235,8784,8885
"112R_AGGCAGAA_L001_trimmed_reads.fastq.gz",6894,6893,6322,6486
"113D_TAGGCATG_L001_trimmed_reads.fastq.gz",16837,16837,16263,16174
"113R_CGTACTAG_L001_trimmed_reads.fastq.gz",12583,12582,11899,12126
"121D_GGACTCCT_L001_trimmed_reads.fastq.gz",2386,2386,2108,2229
"121R_TAAGGCGA_L001_trimmed_reads.fastq.gz",4402,4402,4048,4215
"122D_TCCTGAGC_L001_trimmed_reads.fastq.gz",8420,8420,7973,8125
"122R_CAGAGAGG_L001_trimmed_reads.fastq.gz",42787,42786,41058,41899
"123D_AGGCAGAA_L001_trimmed_reads.fastq.gz",7124,7124,6733,6864
"123R_CTCTCTAC_L001_trimmed_reads.fastq.gz",24871,24871,24380,24532
"211D_CGTACTAG_L001_trimmed_reads.fastq.gz",8880,8880,8087,8404
"211R_TAGGCATG_L001_trimmed_reads.fastq.gz",22534,22534,21241,22088
"212D_TAAGGCGA_L001_trimmed_reads.fastq.gz",4564,4564,3950,4117
"212R_GGACTCCT_L001_trimmed_reads.fastq.gz",7113,7113,6645,6827
"213D_CAGAGAGG_L001_trimmed_reads.fastq.gz",9438,9438,8117,8969
"213R_TCCTGAGC_L001_trimmed_reads.fastq.gz",18835,18835,17674,18128
"221D_CTCTCTAC_L001_trimmed_reads.fastq.gz",11851,11851,11245,11406
"221R_AGGCAGAA_L001_trimmed_reads.fastq.gz",15580,15580,14810,15046
"222D_TAGGCATG_L001_trimmed_reads.fastq.gz",21744,21744,20968,21122
"222R_CGTACTAG_L001_trimmed_reads.fastq.gz",3505,3505,2980,3167
"223D_GGACTCCT_L001_trimmed_reads.fastq.gz",4630,4630,4211,4356
"223R_TAAGGCGA_L001_trimmed_reads.fastq.gz",11562,11562,10941,11267
"311D_TCCTGAGC_L001_trimmed_reads.fastq.gz",16638,16638,15740,16185
"311R_CAGAGAGG_L001_trimmed_reads.fastq.gz",12411,12410,11915,11999
"312D_AGGCAGAA_L001_trimmed_reads.fastq.gz",9297,9297,8379,8618
"312R_CTCTCTAC_L001_trimmed_reads.fastq.gz",11252,11252,10836,10988
"313D_CGTACTAG_L001_trimmed_reads.fastq.gz",13680,13680,12933,13154
"313R_TAGGCATG_L001_trimmed_reads.fastq.gz",11375,11375,10885,10994
"321D_TAAGGCGA_L001_trimmed_reads.fastq.gz",7954,7954,7259,7501
"321R_GGACTCCT_L001_trimmed_reads.fastq.gz",4090,4090,3658,3822
"322D_CTCTCTAC_L001_trimmed_reads.fastq.gz",6416,6416,5487,5893
"322R_TCCTGAGC_L001_trimmed_reads.fastq.gz",9591,9591,8892,9082
"323D_CAGAGAGG_L001_trimmed_reads.fastq.gz",39875,39875,38125,39096
"323R_AGGCAGAA_L001_trimmed_reads.fastq.gz",7020,7020,6400,6625
"411D_TAGGCATG_L001_trimmed_reads.fastq.gz",33539,33539,31827,32404
"411R_CGTACTAG_L001_trimmed_reads.fastq.gz",9876,9876,9195,9417
"412D_GGACTCCT_L001_trimmed_reads.fastq.gz",11575,11575,10685,11018
"412R_TAAGGCGA_L001_trimmed_reads.fastq.gz",8726,8726,8175,8404
"413D_TCCTGAGC_L001_trimmed_reads.fastq.gz",20130,20130,18764,19283
"413R_CAGAGAGG_L001_trimmed_reads.fastq.gz",23226,23226,22523,22705
"421D_AGGCAGAA_L001_trimmed_reads.fastq.gz",13319,13319,12391,12694
"421R_CTCTCTAC_L001_trimmed_reads.fastq.gz",8025,8025,7439,7624
"422D_CGTACTAG_L001_trimmed_reads.fastq.gz",18917,18917,17768,18251
"422R_TAGGCATG_L001_trimmed_reads.fastq.gz",25530,25530,24512,24929
"423D_TAAGGCGA_L001_trimmed_reads.fastq.gz",11851,11851,11031,11282
"423R_GGACTCCT_L001_trimmed_reads.fastq.gz",10247,10247,9575,9812
"511D_CAGAGAGG_L001_trimmed_reads.fastq.gz",16462,16462,15794,16010
"511R_TCCTGAGC_L001_trimmed_reads.fastq.gz",25228,25228,24426,24646
"512D_CTCTCTAC_L001_trimmed_reads.fastq.gz",11965,11965,11454,11612
"512R_AGGCAGAA_L001_trimmed_reads.fastq.gz",7425,7425,6901,7091
"513D_TAGGCATG_L001_trimmed_reads.fastq.gz",16555,16555,15852,16065
"513R_CGTACTAG_L001_trimmed_reads.fastq.gz",10367,10367,9629,9820
"521D_GGACTCCT_L001_trimmed_reads.fastq.gz",3395,3395,2943,3152
"521R_TAAGGCGA_L001_trimmed_reads.fastq.gz",5674,5674,5165,5367
"522D_TCCTGAGC_L001_trimmed_reads.fastq.gz",4280,4280,3889,4069
"522R_CAGAGAGG_L001_trimmed_reads.fastq.gz",17989,17989,17254,17379
"523D_AGGCAGAA_L001_trimmed_reads.fastq.gz",14507,14507,13873,14045
"523R_CTCTCTAC_L001_trimmed_reads.fastq.gz",7801,7801,7313,7470
"611D_CGTACTAG_L001_trimmed_reads.fastq.gz",3692,3692,3152,3307
"611R_TAGGCATG_L001_trimmed_reads.fastq.gz",24791,24791,23946,23946
"612D_TAAGGCGA_L001_trimmed_reads.fastq.gz",4195,4195,3760,3858
"612R_GGACTCCT_L001_trimmed_reads.fastq.gz",3689,3689,3245,3422
"613D_CAGAGAGG_L001_trimmed_reads.fastq.gz",10333,10333,9594,9774
"613R_TCCTGAGC_L001_trimmed_reads.fastq.gz",8132,8131,7437,7580
"621D_CTCTCTAC_L001_trimmed_reads.fastq.gz",6519,6519,6017,6225
"621R_AGGCAGAA_L001_trimmed_reads.fastq.gz",12366,12366,11875,12023
"622D_TAGGCATG_L001_trimmed_reads.fastq.gz",6818,6818,6351,6502
"622R_CGTACTAG_L001_trimmed_reads.fastq.gz",16137,16137,15294,15688
"623D_GGACTCCT_L001_trimmed_reads.fastq.gz",6902,6902,6528,6617
"623R_TAAGGCGA_L001_trimmed_reads.fastq.gz",8923,8923,8328,8486
